[
  {
    "returnString": {
      "serviceType": " Updata",
      "time": "2019-01-23 16:09:13.0",
      "serviceId": " Updata",
      "deviceId": "1",
      "status": " 1234533848"
    }
  },
  {
    "returnString": {
      "serviceType": " Updata",
      "time": "2019-01-23 16:08:52.0",
      "serviceId": " Updata",
      "deviceId": "1",
      "status": " 1234536344"
    }
  },
  {
    "returnString": {
      "serviceType": " Updata",
      "time": "2019-01-19 15:57:14.0",
      "serviceId": " Updata",
      "deviceId": "1",
      "status": " 1234533844"
    }
  },
  {
    "returnString": {
      "serviceType": " Updata",
      "time": "2019-01-19 15:40:12.0",
      "serviceId": " Updata",
      "deviceId": "1",
      "status": " 1234533344"
    }
  },
  {
    "returnString": {
      "serviceType": " Updata",
      "time": "2019-01-11 16:08:41.0",
      "serviceId": " Updata",
      "deviceId": "1",
      "status": " 1234533398"
    }
  },
  {
    "returnString": {
      "serviceType": " Updata",
      "time": "2019-01-11 16:07:30.0",
      "serviceId": " Updata",
      "deviceId": "1",
      "status": " 1234533399"
    }
  },
  {
    "returnString": {
      "serviceType": " Updata",
      "time": "2019-01-07 11:17:40.0",
      "serviceId": " Updata",
      "deviceId": "1",
      "status": " 0000003066"
    }
  }
]