[
  {"provinceCode":"1559438934738UviSF","provinceName":"北京"},
  {"provinceCode":"1559438934738juWaF","provinceName":"安徽"},
  {"provinceCode":"1559438934738GLHOt","provinceName":"福建"},
  {"provinceCode":"1559438934738KuPql","provinceName":"甘肃"},
  {"provinceCode":"1559438934738kLBlK","provinceName":"广东"},
  {"provinceCode":"1559438934738kIbGV","provinceName":"广西"},
  {"provinceCode":"1559438934738NPfvC","provinceName":"贵州"},
  {"provinceCode":"1559438934738xFjUv","provinceName":"海南"},
  {"provinceCode":"1559438934738bTxUN","provinceName":"河北"},
  {"provinceCode":"1559438934738gvlNP","provinceName":"河南"},
  {"provinceCode":"1559438934738KUued","provinceName":"黑龙江"},
  {"provinceCode":"1559438934738rgfAy","provinceName":"湖北"},
  {"provinceCode":"1559438934738CgDQe","provinceName":"湖南"},
  {"provinceCode":"1559438934738lPPCz","provinceName":"吉林"},
  {"provinceCode":"1559438934738FVZFR","provinceName":"江苏"},
  {"provinceCode":"1559438934738HPbTk","provinceName":"江西"},
  {"provinceCode":"1559438934738VAtlE","provinceName":"辽宁"},
  {"provinceCode":"1559438934738NXxXM","provinceName":"内蒙古"},
  {"provinceCode":"1559438934738lGBtr","provinceName":"宁夏"},
  {"provinceCode":"1559438934738ZxYZa","provinceName":"青海"},
  {"provinceCode":"1559438934738TIFbG","provinceName":"山东"},
  {"provinceCode":"1559438934738mKMdU","provinceName":"山西"},
  {"provinceCode":"1559438934738sskJW","provinceName":"陕西"},
  {"provinceCode":"1559438934738nCitY","provinceName":"上海"},
  {"provinceCode":"1559438934738UouHH","provinceName":"四川"},
  {"provinceCode":"1559438934738pTgRT","provinceName":"天津"},
  {"provinceCode":"1559438934738enNDF","provinceName":"西藏"},
  {"provinceCode":"1559438934738VYfbE","provinceName":"新疆"},
  {"provinceCode":"1559438934738GcECG","provinceName":"云南"},
  {"provinceCode":"1559438934738KUweW","provinceName":"浙江"},
  {"provinceCode":"1559438934738WnPfA","provinceName":"重庆"},
  {"provinceCode":"1559438934738HNOqy","provinceName":"香港"},
  {"provinceCode":"1559438934738zxjpH","provinceName":"澳门"},
  {"provinceCode":"1559438934738qvaNJ","provinceName":"台湾"}
]